question_number,question,mode_used,answer,sources,error,duration_seconds
1,"How are nuclear incidents defined and categorized in terms of their potential to cause elevated radiation levels, acute radioactive contamination, or impairment of facility operation and safety, and how are these distinguished from other undesirable events affecting humans, the environment, society, or security of power supply?",map_reduce,"Based on the provided document excerpts, nuclear incidents and related events are defined and categorized primarily by their involvement with radioactive materials and systems within nuclear power plant facilities, as well as their potential consequences in terms of radiation release, contamination, and impact on facility safety.

Nuclear incidents are specifically defined as malfunctions or accidents that involve the operation of the reactor and its associated systems, with the potential to cause damage to fuel bundles and/or the reactor core. These events are particularly significant because they could result in an acute release of radioactivity to the environment [Excerpt 7, Excerpt 8]. This definition emphasizes the centrality of the reactor system and the severity of potential radiological consequences.

In contrast, radiological malfunctions and accidents are defined as events involving radioactive substances and components within nuclear power plant facilities, but specifically excluding those directly tied to the reactor and its auxiliaries. Examples include incidents at radioactive waste storage or used fuel storage facilities [Excerpt 2, Excerpt 3, Excerpt 4]. This distinction separates incidents originating in the reactor core systems from those occurring in peripheral radiological facilities.

Thus, the categorization hinges on two key factors: (1) the location and systems involved (reactor and associated systems vs. other radiological facilities), and (2) the potential for acute radiological release, core damage, or widespread contamination. Nuclear incidents (as per reactor-related events) are distinguished by their higher potential for severe safety implications, including core damage and acute environmental release, whereas radiological malfunctions may involve radioactive materials but occur outside the primary reactor systems.

There is no contradiction among the excerpts. However, the provided excerpts do not address how these nuclear or radiological events are distinguished from other undesirable events affecting humans, the environment, society, or security of power supply (e.g., non-radiological industrial accidents, cyberattacks, or grid failures). While the potential for acute radioactivity release is noted, broader comparative criteria for differentiating nuclear incidents from other types of operational or societal disruptions are not elaborated in the given excerpts.

In summary:
- Nuclear incidents involve reactor operations and can lead to core damage and acute radioactivity release [Excerpt 7, Excerpt 8].
- Radiological malfunctions and accidents involve radioactive materials but occur outside the reactor system, such as in waste or fuel storage [Excerpt 2, Excerpt 3, Excerpt 4].
- The distinction appears to be based on system involvement and potential radiological consequences.
- No information is provided on how these events are differentiated from non-radiological societal, environmental, or security-related disruptions.","[{""source"": ""EIS_Report_-_28Sept09.pdf"", ""page"": 15}, {""source"": ""EIS_Report_-_28Sept09.pdf"", ""page"": 676}, {""source"": ""EIS_Report_-_28Sept09.pdf"", ""page"": 676}, {""source"": ""EIS_Report_-_28Sept09.pdf"", ""page"": 676}, {""source"": ""EIS_Report_-_28Sept09.pdf"", ""page"": 15}, {""source"": ""EIS_Report_-_28Sept09.pdf"", ""page"": 15}, {""source"": ""EIS_Report_-_28Sept09.pdf"", ""page"": 710}, {""source"": ""EIS_Report_-_28Sept09.pdf"", ""page"": 710}]",,82.4
2,"What types of undesirable events originating outside the nuclear facility project area — such as fire, explosion, or industrial hazards from neighbouring facilities — have been identified and assessed?",basic,"Undesirable events originating outside the nuclear facility project area that have been identified and assessed include:

- **External fire** and **explosion** hazards from nearby industrial and transportation features and facilities.
- **Missile impacts** from nearby facilities.
- **Hazardous substance releases**, including hazardous gas releases.
- **Radioactive material releases** from adjacent or nearby nuclear sites, particularly under accident conditions, which could affect the site being assessed. This includes both operational reactors and facilities undergoing decommissioning.
- **Biological agents** that could present an external hazard, as identified through ecological surveys.

These hazards are part of a comprehensive site characterisation programme required to fully assess site-specific risks, including flooding and other external events. The assessment is necessary for multi-unit sites or sites co-located with existing nuclear facilities (operational or decommissioning).

(Source: Context provided – repeated references to site characterisation, external hazards, and adjacent nuclear sites; implied document structure resembling Pre-construction Safety Report (PSR) or Permitting/Environmental Regulations (PER) chapters on external hazards, though specific document name and page numbers are not available in the provided context.)","[{""source"": ""PSR Chapter 15 Safety Analysis Section 15.8 Analysis of External Hazards.pdf"", ""page"": 61, ""content_preview"": ""required to fully characterise the site-specific flooding hazard. \n• A comprehensive assessment of nearby industrial and \ntransportation features and facilities will be required to identify \npotential sources of external fire, explosion, missiles, \nhazardous substance release etc. \n• Ecological surv...""}, {""source"": ""PSR Chapter 15 Safety Analysis Section 15.8 Analysis of External Hazards.pdf"", ""page"": 61, ""content_preview"": ""required to fully characterise the site-specific flooding hazard. \n• A comprehensive assessment of nearby industrial and \ntransportation features and facilities will be required to identify \npotential sources of external fire, explosion, missiles, \nhazardous substance release etc. \n• Ecological surv...""}, {""source"": ""PSR Chapter 15 Safety Analysis Section 15.8 Analysis of External Hazards.pdf"", ""page"": 38, ""content_preview"": ""stage, consideration for any multi -unit site or construction on a site which already has an \noperational nuclear reactor or a facility undergoing decommissioning, will require assessment \nof such hazards. \nAdjacent or nearby nuclear sites have the potential, under accident conditions, to release \nn...""}, {""source"": ""PSR Chapter 15 Safety Analysis Section 15.8 Analysis of External Hazards.pdf"", ""page"": 38, ""content_preview"": ""stage, consideration for any multi -unit site or construction on a site which already has an \noperational nuclear reactor or a facility undergoing decommissioning, will require assessment \nof such hazards. \nAdjacent or nearby nuclear sites have the potential, under accident conditions, to release \nn...""}]",,48.94
